{
	"$schema": "https://schemas.wp.org/wp/6.8/theme.json",
	"customTemplates": [
		{
			"name": "order-confirmation",
			"title": "Order Confirmation"
		},
		{
			"name": "page-cart",
			"title": "Page: Cart"
		},
		{
			"name": "page-checkout",
			"title": "Page: Checkout"
		},
		{
			"name": "template-page-w-hero",
			"title": "Page with Hero"
		},
		{
			"name": "template-page-w-title",
			"title": "Page with Title"
		},
		{
			"name": "archive-product",
			"title": "Product Catalogue"
		},
		{
			"name": "product-search-results",
			"title": "Product Search Results"
		},
		{
			"name": "taxonomy-product_attribute",
			"title": "Products by Attribute"
		},
		{
			"name": "single-product",
			"title": "Single Product"
		}
	],
	"settings": {
		"appearanceTools": true,
		"blocks": {
			"core/heading": {
				"color": {
					"background": false
				}
			}
		},
		"color": {
			"defaultDuotone": false,
			"defaultGradients": false,
			"defaultPalette": false,
			"duotone": [
				{
					"colors": [
						"#000000",
						"#FFFFFF"
					],
					"name": "Duotone 1",
					"slug": "duotone-1"
				},
				{
					"colors": [
						"#000000",
						"#BBBBBB"
					],
					"name": "Duotone 2",
					"slug": "duotone-2"
				}
			],
			"palette": [
				{
					"color": "#fff2ed",
					"name": "Color 1",
					"slug": "theme-1"
				},
				{
					"color": "#ddac3c",
					"name": "Color 2",
					"slug": "theme-2"
				},
				{
					"color": "#46d8d8",
					"name": "Color 3",
					"slug": "theme-3"
				},
				{
					"color": "#190b26",
					"name": "Color 4",
					"slug": "theme-4"
				},
				{
					"color": "#080804",
					"name": "Color 5",
					"slug": "theme-5"
				}
			]
		},
		"custom": {
			"spacing-increment": "2.5",
			"spacing-unit": "10"
		},
		"layout": {
			"contentSize": "620px",
			"wideSize": "1440px"
		},
		"spacing": {
			"defaultSpacingSizes": false,
			"spacingScale": {
				"theme": {
					"steps": 1
				}
			},
			"spacingSizes": [
				{
					"name": "2X-Small",
					"size": "min(calc(var(--wp--custom--spacing-unit) * (var(--wp--custom--spacing-increment) * 1) * 1px), calc(var(--wp--custom--spacing-increment) * 1 * 2vw))",
					"slug": "20"
				},
				{
					"name": "X-Small",
					"size": "min(calc(var(--wp--custom--spacing-unit) * (var(--wp--custom--spacing-increment) * 2) * 1px), calc(var(--wp--custom--spacing-increment) * 2 * 1vw))",
					"slug": "30"
				},
				{
					"name": "Small",
					"size": "min(calc(var(--wp--custom--spacing-unit) * (var(--wp--custom--spacing-increment) * 3) * 1px), calc(var(--wp--custom--spacing-increment) * 3 * 1vw))",
					"slug": "40"
				},
				{
					"name": "Medium",
					"size": "min(calc(var(--wp--custom--spacing-unit) * (var(--wp--custom--spacing-increment) * 4) * 1px), calc(var(--wp--custom--spacing-increment) * 4 * 1vw))",
					"slug": "50"
				},
				{
					"name": "Large",
					"size": "min(calc(var(--wp--custom--spacing-unit) * (var(--wp--custom--spacing-increment) * 5) * 1px), calc(var(--wp--custom--spacing-increment) * 5 * 1vw))",
					"slug": "60"
				},
				{
					"name": "Extra Large",
					"size": "min(calc(var(--wp--custom--spacing-unit) * (var(--wp--custom--spacing-increment) * 6) * 1px), calc(var(--wp--custom--spacing-increment) * 6 * 1vw))",
					"slug": "70"
				},
				{
					"name": "2X Large",
					"size": "min(calc(var(--wp--custom--spacing-unit) * (var(--wp--custom--spacing-increment) * 7) * 1px), calc(var(--wp--custom--spacing-increment) * 7 * 1vw))",
					"slug": "80"
				}
			],
			"units": [
				"%",
				"px",
				"em",
				"rem",
				"vh",
				"vw"
			]
		},
		"typography": {
			"defaultFontSizes": false,
			"fluid": true,
			"fontFamilies": [
				{
					"fontFace": [
						{
							"fontFamily": "Goblin One",
							"fontStyle": "normal",
							"fontWeight": "400",
							"src": "https://fonts.wp.com/s/goblinone/v26/CSR64z1ZnOqZRjRCBVY_TOIATNt_pOU.woff2"
						}
					],
					"fontFamily": "\"Goblin One\", sans-serif",
					"name": "Goblin One",
					"slug": "goblin-one"
				},
				{
					"fontFace": [
						{
							"fontFamily": "Archivo",
							"fontStyle": "normal",
							"fontWeight": "300",
							"src": "https://fonts.wp.com/s/archivo/v19/k3k6o8UDI-1M0wlSV9XAw6lQkqWY8Q82sJaRE-NWIDdgffTTajNp9R1oJ0vyVQ.woff2"
						},
						{
							"fontFamily": "Archivo",
							"fontStyle": "normal",
							"fontWeight": "400",
							"src": "https://fonts.wp.com/s/archivo/v19/k3k6o8UDI-1M0wlSV9XAw6lQkqWY8Q82sJaRE-NWIDdgffTTNDNp9R1oJ0vyVQ.woff2"
						},
						{
							"fontFamily": "Archivo",
							"fontStyle": "normal",
							"fontWeight": "500",
							"src": "https://fonts.wp.com/s/archivo/v19/k3k6o8UDI-1M0wlSV9XAw6lQkqWY8Q82sJaRE-NWIDdgffTTBjNp9R1oJ0vyVQ.woff2"
						},
						{
							"fontFamily": "Archivo",
							"fontStyle": "normal",
							"fontWeight": "600",
							"src": "https://fonts.wp.com/s/archivo/v19/k3k6o8UDI-1M0wlSV9XAw6lQkqWY8Q82sJaRE-NWIDdgffTT6jRp9R1oJ0vyVQ.woff2"
						},
						{
							"fontFamily": "Archivo",
							"fontStyle": "italic",
							"fontWeight": "300",
							"src": "https://fonts.wp.com/s/archivo/v19/k3k8o8UDI-1M0wlSfdzyIEkpwTM29hr-8mTYIRyOSVz60_PG_HDfsxdpBU7iVdxQ.woff2"
						},
						{
							"fontFamily": "Archivo",
							"fontStyle": "italic",
							"fontWeight": "400",
							"src": "https://fonts.wp.com/s/archivo/v19/k3k8o8UDI-1M0wlSfdzyIEkpwTM29hr-8mTYIRyOSVz60_PG_HCBsxdpBU7iVdxQ.woff2"
						},
						{
							"fontFamily": "Archivo",
							"fontStyle": "italic",
							"fontWeight": "500",
							"src": "https://fonts.wp.com/s/archivo/v19/k3k8o8UDI-1M0wlSfdzyIEkpwTM29hr-8mTYIRyOSVz60_PG_HCzsxdpBU7iVdxQ.woff2"
						},
						{
							"fontFamily": "Archivo",
							"fontStyle": "italic",
							"fontWeight": "600",
							"src": "https://fonts.wp.com/s/archivo/v19/k3k8o8UDI-1M0wlSfdzyIEkpwTM29hr-8mTYIRyOSVz60_PG_HBftBdpBU7iVdxQ.woff2"
						}
					],
					"fontFamily": "\"Archivo\", sans-serif",
					"name": "Archivo",
					"slug": "archivo"
				}
			],
			"fontSizes": [
				{
					"fluid": {
						"max": "16px",
						"min": "15px"
					},
					"name": "Small",
					"size": "16px",
					"slug": "small"
				},
				{
					"fluid": {
						"max": "18px",
						"min": "17px"
					},
					"name": "Medium",
					"size": "18px",
					"slug": "medium"
				},
				{
					"fluid": {
						"max": "24px",
						"min": "20px"
					},
					"name": "Large",
					"size": "24px",
					"slug": "large"
				},
				{
					"fluid": {
						"max": "46px",
						"min": "32px"
					},
					"name": "Extra Large",
					"size": "46px",
					"slug": "x-large"
				},
				{
					"fluid": {
						"max": "50px",
						"min": "38px"
					},
					"name": "2X Large",
					"size": "50px",
					"slug": "xx-large"
				},
				{
					"fluid": {
						"max": "100px",
						"min": "40px"
					},
					"name": "3X Large",
					"size": "100px",
					"slug": "xxx-large"
				}
			],
			"writingMode": true
		},
		"useRootPaddingAwareAlignments": true
	},
	"styles": {
		"blocks": {
			"core/button": {
				"variations": {
					"outline": {
						"border": {
							"width": "1px"
						},
						"spacing": {
							"padding": {
								"bottom": "15px",
								"left": "23px",
								"right": "23px",
								"top": "15px"
							}
						}
					}
				}
			},
			"core/buttons": {
				"spacing": {
					"blockGap": "8px",
					"margin": {
						"top": "calc( var(--wp--style--block-gap) * 1.5)"
					}
				}
			},
			"core/column": {
				"variations": {
					"section-1": {
						"color": {
							"background": "var(--wp--preset--color--theme-4)",
							"text": "var(--wp--preset--color--theme-3)"
						},
						"elements": {
							"button": {
								":hover": {
									"color": {
										"background": "color-mix(in srgb, var(--wp--preset--color--theme-3) 85%, #000)",
										"text": "var(--wp--preset--color--theme-4)"
									}
								},
								"color": {
									"background": "var(--wp--preset--color--theme-3)",
									"text": "var(--wp--preset--color--theme-4)"
								}
							}
						}
					},
					"section-2": {
						"color": {
							"background": "var(--wp--preset--color--theme-4)",
							"text": "var(--wp--preset--color--theme-3)"
						},
						"elements": {
							"button": {
								":hover": {
									"color": {
										"background": "color-mix(in srgb, var(--wp--preset--color--theme-3) 85%, #000)",
										"text": "var(--wp--preset--color--theme-4)"
									}
								},
								"color": {
									"background": "var(--wp--preset--color--theme-3)",
									"text": "var(--wp--preset--color--theme-4)"
								}
							}
						}
					},
					"section-3": {
						"blocks": {
							"core/separator": {
								"color": {
									"text": "color-mix(in srgb, currentColor 25%, transparent)"
								}
							}
						},
						"color": {
							"background": "var(--wp--preset--color--theme-4)",
							"text": "var(--wp--preset--color--theme-3)"
						},
						"elements": {
							"button": {
								":hover": {
									"color": {
										"background": "color-mix(in srgb, var(--wp--preset--color--theme-3) 85%, #000)",
										"text": "var(--wp--preset--color--theme-4)"
									}
								},
								"color": {
									"background": "var(--wp--preset--color--theme-3)",
									"text": "var(--wp--preset--color--theme-4)"
								}
							}
						}
					}
				}
			},
			"core/columns": {
				"spacing": {
					"blockGap": {
						"left": "var(--wp--preset--spacing--40)",
						"top": "var(--wp--preset--spacing--30)"
					}
				},
				"variations": {
					"section-1": {
						"color": {
							"background": "var(--wp--preset--color--theme-4)",
							"text": "var(--wp--preset--color--theme-3)"
						},
						"elements": {
							"button": {
								":hover": {
									"color": {
										"background": "color-mix(in srgb, var(--wp--preset--color--theme-3) 85%, #000)",
										"text": "var(--wp--preset--color--theme-4)"
									}
								},
								"color": {
									"background": "var(--wp--preset--color--theme-3)",
									"text": "var(--wp--preset--color--theme-4)"
								}
							}
						}
					},
					"section-2": {
						"color": {
							"background": "var(--wp--preset--color--theme-4)",
							"text": "var(--wp--preset--color--theme-3)"
						},
						"elements": {
							"button": {
								":hover": {
									"color": {
										"background": "color-mix(in srgb, var(--wp--preset--color--theme-3) 85%, #000)",
										"text": "var(--wp--preset--color--theme-4)"
									}
								},
								"color": {
									"background": "var(--wp--preset--color--theme-3)",
									"text": "var(--wp--preset--color--theme-4)"
								}
							}
						}
					},
					"section-3": {
						"blocks": {
							"core/separator": {
								"color": {
									"text": "color-mix(in srgb, currentColor 25%, transparent)"
								}
							}
						},
						"color": {
							"background": "var(--wp--preset--color--theme-4)",
							"text": "var(--wp--preset--color--theme-3)"
						},
						"elements": {
							"button": {
								":hover": {
									"color": {
										"background": "color-mix(in srgb, var(--wp--preset--color--theme-3) 85%, #000)",
										"text": "var(--wp--preset--color--theme-4)"
									}
								},
								"color": {
									"background": "var(--wp--preset--color--theme-3)",
									"text": "var(--wp--preset--color--theme-4)"
								}
							}
						}
					}
				}
			},
			"core/cover": {
				"variations": {
					"section-1": {
						"color": {
							"background": "var(--wp--preset--color--theme-4)",
							"text": "var(--wp--preset--color--theme-3)"
						},
						"elements": {
							"button": {
								":hover": {
									"color": {
										"background": "color-mix(in srgb, var(--wp--preset--color--theme-3) 85%, #000)",
										"text": "var(--wp--preset--color--theme-4)"
									}
								},
								"color": {
									"background": "var(--wp--preset--color--theme-3)",
									"text": "var(--wp--preset--color--theme-4)"
								}
							}
						}
					},
					"section-2": {
						"color": {
							"background": "var(--wp--preset--color--theme-4)",
							"text": "var(--wp--preset--color--theme-3)"
						},
						"elements": {
							"button": {
								":hover": {
									"color": {
										"background": "color-mix(in srgb, var(--wp--preset--color--theme-3) 85%, #000)",
										"text": "var(--wp--preset--color--theme-4)"
									}
								},
								"color": {
									"background": "var(--wp--preset--color--theme-3)",
									"text": "var(--wp--preset--color--theme-4)"
								}
							}
						}
					},
					"section-3": {
						"color": {
							"background": "var(--wp--preset--color--theme-4)",
							"text": "var(--wp--preset--color--theme-3)"
						},
						"elements": {
							"button": {
								":hover": {
									"color": {
										"background": "color-mix(in srgb, var(--wp--preset--color--theme-3) 85%, #000)",
										"text": "var(--wp--preset--color--theme-4)"
									}
								},
								"color": {
									"background": "var(--wp--preset--color--theme-3)",
									"text": "var(--wp--preset--color--theme-4)"
								}
							}
						}
					}
				}
			},
			"core/group": {
				"variations": {
					"section-1": {
						"color": {
							"background": "var(--wp--preset--color--theme-4)",
							"text": "var(--wp--preset--color--theme-3)"
						},
						"elements": {
							"button": {
								":hover": {
									"color": {
										"background": "color-mix(in srgb, var(--wp--preset--color--theme-3) 85%, #000)",
										"text": "var(--wp--preset--color--theme-4)"
									}
								},
								"color": {
									"background": "var(--wp--preset--color--theme-3)",
									"text": "var(--wp--preset--color--theme-4)"
								}
							}
						}
					},
					"section-2": {
						"color": {
							"background": "var(--wp--preset--color--theme-4)",
							"text": "var(--wp--preset--color--theme-3)"
						},
						"elements": {
							"button": {
								":hover": {
									"color": {
										"background": "color-mix(in srgb, var(--wp--preset--color--theme-3) 85%, #000)",
										"text": "var(--wp--preset--color--theme-4)"
									}
								},
								"color": {
									"background": "var(--wp--preset--color--theme-3)",
									"text": "var(--wp--preset--color--theme-4)"
								}
							}
						}
					},
					"section-3": {
						"blocks": {
							"core/separator": {
								"color": {
									"text": "color-mix(in srgb, currentColor 25%, transparent)"
								}
							}
						},
						"color": {
							"background": "var(--wp--preset--color--theme-4)",
							"text": "var(--wp--preset--color--theme-3)"
						},
						"elements": {
							"button": {
								":hover": {
									"color": {
										"background": "color-mix(in srgb, var(--wp--preset--color--theme-3) 85%, #000)",
										"text": "var(--wp--preset--color--theme-4)"
									}
								},
								"color": {
									"background": "var(--wp--preset--color--theme-3)",
									"text": "var(--wp--preset--color--theme-4)"
								}
							}
						}
					}
				}
			},
			"core/navigation": {
				"typography": {
					"fontFamily": "var(--wp--preset--font-family--archivo)",
					"fontSize": "var(--wp--preset--font-size--medium)",
					"fontWeight": "400",
					"lineHeight": "1.5"
				}
			},
			"core/post-content": {
				"css": "& > div:first-child.alignfull { margin-top: calc( -1 * var(--wp--preset--spacing--20)) !important; } & > div:last-child.alignfull { margin-bottom: calc( -1 * var(--wp--preset--spacing--60)) !important; } & > p + div.alignfull { margin-top: var(--wp--style--block-gap) !important; }",
				"spacing": {
					"padding": {
						"bottom": "var(--wp--preset--spacing--60)",
						"top": "var(--wp--preset--spacing--20)"
					}
				}
			},
			"core/separator": {
				"border": {
					"top": {
						"width": "2px"
					}
				},
				"color": {
					"text": "var(--wp--preset--color--theme-3)"
				}
			},
			"core/site-tagline": {
				"typography": {
					"fontFamily": "var(--wp--preset--font-family--archivo)",
					"fontSize": "var(--wp--preset--font-size--medium)",
					"fontWeight": "400"
				}
			},
			"core/site-title": {
				"elements": {
					"link": {
						"typography": {
							"textDecoration": "none"
						}
					}
				},
				"typography": {
					"fontFamily": "var(--wp--preset--font-family--archivo)",
					"fontSize": "24px",
					"fontWeight": "400",
					"lineHeight": {
						"ref": "styles.blocks.core/navigation.typography.lineHeight"
					}
				}
			},
			"jetpack/subscriptions": {
				"elements": {
					"button": {
						"border": {
							"radius": "0 1rem !important"
						},
						"spacing": {
							"padding": {
								"left": "clamp(1.75rem, 3vw, 2rem) !important",
								"right": "clamp(1.75rem, 3vw, 2rem) !important"
							}
						}
					}
				}
			}
		},
		"color": {
			"background": "var(--wp--preset--color--theme-2)",
			"text": "var(--wp--preset--color--theme-4)"
		},
		"css": ".no-underline a {\n\ttext-decoration: none;\n}\n\n/* START Big Sky */\n.wp-block-site-logo .custom-logo[src*=\"/wp-content/uploads/2025/10/site_logo_bsky.png\"] {\n\tbackground-color: currentcolor;\n\t-webkit-mask-image: url('https://rifkihadoi-rgoep.wordpress.com/wp-content/uploads/2025/10/site_logo_bsky.png');\n\t-webkit-mask-position: center center;\n\t-webkit-mask-size: cover;\n\t-webkit-mask-repeat: no-repeat;\n\tmask-image: url('https://rifkihadoi-rgoep.wordpress.com/wp-content/uploads/2025/10/site_logo_bsky.png');\n\tmask-position: center center;\n\tmask-size: cover;\n\tmask-repeat: no-repeat;\n\tobject-position: -1024px -1024px;\n}\n\n/* END Big Sky */",
		"elements": {
			"button": {
				":hover": {
					"color": {
						"background": "color-mix(in srgb, var(--wp--preset--color--theme-4) 85%, #000)",
						"text": "var(--wp--preset--color--theme-3)"
					}
				},
				"border": {
					"radius": "0 1rem"
				},
				"color": {
					"background": "var(--wp--preset--color--theme-4)",
					"text": "var(--wp--preset--color--theme-3)"
				},
				"spacing": {
					"padding": {
						"bottom": "clamp(0.75rem, 1vw, 1rem)",
						"left": "clamp(1.75rem, 3vw, 2rem)",
						"right": "clamp(1.75rem, 3vw, 2rem)",
						"top": "clamp(0.75rem, 1vw, 1rem)"
					}
				},
				"typography": {
					"fontFamily": "var(--wp--preset--font-family--archivo)",
					"fontSize": "var(--wp--preset--font-size--medium)",
					"fontWeight": "400"
				}
			},
			"caption": {
				"spacing": {
					"padding": {
						"top": "8px"
					}
				},
				"typography": {
					"fontSize": "14px",
					"fontWeight": "400"
				}
			},
			"h1": {
				"typography": {
					"fontSize": "var(--wp--preset--font-size--xx-large)",
					"lineHeight": "1"
				}
			},
			"h2": {
				"typography": {
					"fontSize": "var(--wp--preset--font-size--x-large)",
					"fontWeight": {
						"ref": "styles.elements.h1.typography.fontWeight"
					},
					"lineHeight": "1.2"
				}
			},
			"h3": {
				"typography": {
					"fontSize": "var(--wp--preset--font-size--large)",
					"fontWeight": "400",
					"letterSpacing": "-0.03em",
					"lineHeight": "1.2"
				}
			},
			"h4": {
				"typography": {
					"fontSize": "var(--wp--preset--font-size--large)",
					"fontWeight": "400",
					"letterSpacing": "-0.01em",
					"lineHeight": "1.3"
				}
			},
			"h5": {
				"typography": {
					"fontSize": "var(--wp--preset--font-size--large)",
					"letterSpacing": "-0.01em",
					"lineHeight": "1.4"
				}
			},
			"h6": {
				"typography": {
					"fontSize": "var(--wp--preset--font-size--large)",
					"letterSpacing": "-0.01em"
				}
			},
			"heading": {
				"css": "&.has-background { padding: 0; }",
				"typography": {
					"fontFamily": "var(--wp--preset--font-family--goblin-one)",
					"fontWeight": "400",
					"letterSpacing": "-0.02em",
					"lineHeight": "1.2"
				}
			},
			"link": {
				"color": {
					"text": "currentColor"
				}
			}
		},
		"spacing": {
			"blockGap": "var(--wp--preset--spacing--20)",
			"padding": {
				"left": "var(--wp--preset--spacing--40)",
				"right": "var(--wp--preset--spacing--40)"
			}
		},
		"typography": {
			"fontFamily": "var(--wp--preset--font-family--archivo)",
			"fontSize": "var(--wp--preset--font-size--medium)",
			"fontWeight": "400",
			"letterSpacing": "0",
			"lineHeight": "1.6"
		}
	},
	"templateParts": [
		{
			"area": "header",
			"name": "header",
			"title": "Header"
		},
		{
			"area": "header",
			"name": "header-hero",
			"title": "Hero Header"
		},
		{
			"area": "footer",
			"name": "footer",
			"title": "Footer"
		},
		{
			"area": "uncategorized",
			"name": "external-product-add-to-cart-with-options",
			"title": "External Product Add to Cart With Options"
		},
		{
			"area": "uncategorized",
			"name": "grouped-product-add-to-cart-with-options",
			"title": "Grouped Product Add to Cart With Options"
		},
		{
			"area": "uncategorized",
			"name": "simple-product-add-to-cart-with-options",
			"title": "Simple Product Add to Cart With Options"
		},
		{
			"area": "uncategorized",
			"name": "variable-product-add-to-cart-with-options",
			"title": "Variable Product Add to Cart With Options"
		},
		{
			"area": "uncategorized",
			"name": "mini-cart",
			"title": "Mini Cart"
		}
	],
	"version": 3
}